Question Number,Question,Original Level,Difficulty,Solution,Selected
1,Nathan will roll two six-sided dice. What is the probability that he will roll a number less than three on the first die and a number greater than three on the second die? Express your answer as a common fraction.,Level 2,Easy,"For the first die to be less than three, it must be a 1 or a 2, which occurs with probability $\frac{1}{3}$. For the second die to be greater than 3, it must be a 4 or a 5 or a 6, which occurs with probability $\frac{1}{2}$. The probability of both of these events occuring, as they are independent, is $\frac{1}{3} \cdot \frac{1}{2} = \boxed{\frac{1}{6}}$.",Yes
2,"Two fair, six-sided dice are rolled.  What is the probability that the sum of the two numbers showing is between 3 and 11, inclusive?",Level 3,Medium,"We instead find the probability that the sum of the numbers showing is not between 3 and 11.  Since each die's face contains the numbers 1-6, we see that this can only be the case if we roll two 1s or two 6s.  Thus the chance that the sum is not between 3 and 11 is $\frac{1}{6} \cdot \frac{1}{6} + \frac{1}{6} \cdot \frac{1}{6}$, or $\frac{1}{18}$.  So our desired probability is $1-\frac{1}{18} = \boxed{\frac{17}{18}}$.",
3,"If I roll 5 standard 6-sided dice and multiply the number on the face of each die, what is the probability that the result is a composite number?",Level 5,Hard,"While it is almost tempting to make this into the casework problem to end all casework problems, using complementary probability makes the problem a lot simpler, so we will find the probability that the product is not composite.

It's clear that if more than one die shows a roll greater than 1, the resulting product will have more than one factor that is greater than 1 and therefore be composite. Additionally, if any of the dice show a 4 or a 6, the product will obviously be composite. So in order for the product to not be composite, we need at least four dice to be a 1 and the fifth die to either be another 1 or a 2, a 3, or a 5.

There's exactly one way in which all the the dice can be 1's, and for each of the other three cases there are 5 ways since the die that isn't a 1 can appear in any of the 5 other positions, so there are a total of $3\cdot5+1=16$ ways of rolling the dice that result in a product that isn't composite. Additionally, there are 6 options for the roll of each of the 5 dice for a total of $6^5=7776$ possible outcomes, which means that the probability of the product not being composite is $\dfrac{16}{7776}$ and the probability that it is composite is $1-\frac{16}{7776}=\frac{7760}{7776}=\boxed{\frac{485}{486}}$.

Note: Many students have tried to argue that 1 is not a prime number and should not be counted. As we are doing complementary probability, it is important to consider all numbers that are not composite, and 1 is definitely not composite.",
4,"What is the probability that when we roll four fair 6-sided dice, they won't all show the same number?",Level 4,Hard,"Counting the number of outcomes in which four 6-sided dice don't all show the same number would require some pretty delicate casework.  However, counting all the outcomes in which four 6-sided dice do all show the same number is very easy: there are only 6 ways this can happen, namely all ones, all twos, all threes, all fours, all fives, and all sixes.  So since there are $6^4$ total outcomes, we can conclude that $$ P(\text{4 dice all show the same number}) = \frac{6}{6^4} = \frac{1}{6^3} = \frac{1}{216}. $$Therefore, using the principle of complementary probabilities, we can conclude that $$ P(\text{4 dice don't all show the same number}) = 1 - \frac{1}{216} = \boxed{\frac{215}{216}}. $$",
5,The science club has 25 members: 10 boys and 15 girls.  A 5-person committee is chosen at random.  What is the probability that the committee has at least 1 boy and at least 1 girl?,Level 5,Hard,"We can use the idea of complementary probability to solve this problem without too much nasty casework. The probability that the committee has at least 1 boy and 1 girl is equal to 1 minus the probability that the committee is either all boys or all girls. The number of ways to choose a committee of all boys is $\binom{10}{5}=252$, the number of ways to choose a committee of all girls is $\binom{15}{5}=3,\!003$, and the total number of committees is $\binom{25}{5}=53,\!130$, so the probability of selecting a committee of all boys or all girls is $\dfrac{252+3003}{53,\!130}=\dfrac{31}{506}$. Thus the probability that the committee contains at least one boy and one girl is $1-\dfrac{31}{506} = \boxed{\dfrac{475}{506}}$.",
6,"Let $p$ be the probability that, in the process of repeatedly flipping a fair coin, one will encounter a run of $5$ heads before one encounters a run of $2$ tails. Given that $p$ can be written in the form $m/n$ where $m$ and $n$ are relatively prime positive integers, find $m+n$.
",Level 5,Hard,"Think of the problem as a sequence of H's and T's. No two T's can occur in a row, so the sequence is blocks of $1$ to $4$ H's separated by T's and ending in $5$ H's. Since the first letter could be T or the sequence could start with a block of H's, the total probability is that $3/2$ of it has to start with an H.
The answer to the problem is then the sum of all numbers of the form $\frac 32 \left( \frac 1{2^a} \cdot \frac 12 \cdot \frac 1{2^b} \cdot \frac 12 \cdot \frac 1{2^c} \cdots \right) \cdot \left(\frac 12\right)^5$, where $a,b,c \ldots$ are all numbers $1-4$, since the blocks of H's can range from $1-4$ in length. The sum of all numbers of the form $(1/2)^a$ is $1/2+1/4+1/8+1/16=15/16$, so if there are n blocks of H's before the final five H's, the answer can be rewritten as the sum of all numbers of the form $\frac 32\left( \left(\frac {15}{16}\right)^n \cdot \left(\frac 12\right)^n \right) \cdot \left(\frac 1{32}\right)=\frac 3{64}\left(\frac{15}{32}\right)^n$, where $n$ ranges from $0$ to $\infty$, since that's how many blocks of H's there can be before the final five. This is an infinite geometric series whose sum is $\frac{3/64}{1-(15/32)}=\frac{3}{34}$, so the answer is $\boxed{37}$.",
7,"Mr. Jones has 6 children. Assuming that the gender of each child is determined independently and with equal likelihood of male and female, what is the probability that Mr. Jones has more sons than daughters or more daughters than sons?",Level 4,Hard,"We could do this with a bit of casework, but that gets boring after a while. Instead, we can use complementary probability. Since each child can be male or female with equal likelihood, there are $2^6=64$ possible ways in which the genders of the children can be determined. The only way in which Mr. Jones won't have more sons than daughters or more daughters than sons is if he has exactly 3 of each, which can occur in $\binom{6}{3}=20$ ways. Using the concept of complementary counting gives us that there are $64-20=44$ ways in which he can have more children of one gender than the other out of a total of 64 possible ways, for a final probability of $\dfrac{44}{64}=\boxed{\dfrac{11}{16}}$.",
